ID,要素,区分,階,寸法/数量,根拠資料,ページ,確度,備考
S-01,敷地（第1校地）,敷地,-,49535.91m2（計画通知） / 49620.73m2（住居表示）,JIA2023 / 27901siryou.pdf,p02,確定,住居表示は角地+10%容積含む前の敷地
S-02,建築面積（全体）,面積,-,13283.19m2（竣工） / 13562.42m2（実施設計）,JIA / 27901,p02,確定,差は実施→竣工の調整
S-03,延床面積（全体）,面積,-,31358.95m2（竣工） / 31631.68m2（実施）,JIA / 27901,p02,確定,
S-04,建ぺい率・容積率,法規,-,27.37%（許容70%） / 61.41%（許容200%）,JIA,pDATA,確定,第二種住居地域
S-05,校舎棟 建築面積,棟,-,5944.55m2（実施）,27901,p02,確定,延床21041.03m2
S-06,アリーナS棟 建築,棟,-,4447.77m2 延床7086.43m2,27901,p02,確定,大アリーナ（バスケ3面 観客480席+上部240席）
S-07,アリーナN棟 建築,棟,-,1509.46m2 延床2387.56m2,27901,p02,確定,中アリーナ+小アリーナ+柔道場+剣道場
S-08,最高高さ,高さ,-,21.8m（竣工） / 21.89m（実施≦22m）,JIA / 27901p09,DATA/p09,確定,軒高18.4m（18466）
S-09,階高 1F,高さ,1F,4000mm,27901,p09,確定,GL+100 地盤レベル
S-10,階高 2F,高さ,2F,3600mm,27901,p09,確定,
S-11,階高 3F,高さ,3F,3600mm,27901,p09,確定,
S-12,階高 4F,高さ,4F,3600mm,27901,p09,確定,
S-13,階高 5F,高さ,5F,3600mm,27901,p09,確定,5F上はRF
S-14,RF/PHF,高さ,RF,3400mm + PHF4500（膜屋根トラス）,27901,p09,確定,
S-15,校舎全長 通り芯,平面,全層,109200mm（A-AQ）,27901,1F p04,確定,7800グリッド×12 + 101400特殊 + 3900×1 + 5850×2
S-16,校舎 グリッドX,平面,全層,7800/3900/101400,27901,各階,確定,AL-AMが3900
S-17,校舎 グリッドY南棟,平面,全層,9425mm（1F南側）,27901,1F p04,推定,図面読取 1775+2942+2592+… 要現地検証
S-18,ラーニングストリート 幅,平面,1-5F,約6200-6800mm,27901,断面p09,推定,中央吹抜幅 図面スケール読取
S-19,ラーニングストリート 高さ,空間,2-5F,4層吹抜（2F-5F）+膜屋根,27901p09/久米,確実（寸推定）,高さ約13.6m（3600*3+2800?）
S-20,普通教室モジュール,室,1/3/4/5F,7800×7800mm（想定）,27901各階/学校標準,推定,グリッド一致 8×8m標準と整合
S-21,大ホール 1F,室,1F,500席 2層吹抜 5900mm高?,27901p04/p09/コトブキ,確定,コトブキ スマートタイプ椅子 背テーブル付 木口
S-22,大ホール ロビー/EC,室,1F,吹抜ホール・EV横,27901,1F p04,確定,
S-23,食堂/カフェテリア,室,2F,2F南西 全日制側,27901,2F p05,確定,バルコニー付
S-24,ラーニングコモンズ,室,2F,2F北棟中央 図書室隣,27901,2F p05,確定,
S-25,全日制職員室,室,3F,3F北棟中央 大空間,27901,3F p06,確定,
S-26,化学実験室,室,5F,北棟,27901,5F p07,確定,
S-27,美術室1,室,5F,北棟 最上階,27901,5F p07,確定,
S-28,音楽室1/2 器具庫,室,5F,北棟東端,27901,5F p07,確定,
S-29,都市の門,門,外構,東側 生徒出入口,27901,p03,確定,駐輪376台隣
S-30,伝統の門,門,外構,西側 生徒出入口,27901,p03,確定,フィジカルストリート起点
S-31,来客・職員出入口,門,外構,北東角,27901,p03,確定,駐車32台 車いす3台
S-32,中央広場,外構,-,校舎-アリーナ間 階段広場,27901,p03-05,確定,屋外階段2箇所
S-33,フィジカルストリート,外構,-,アリーナN/S間 南北軸,27901,p03,確定,キャンパスロード300mの枝
S-34,グラウンド,外構,-,南側 人工芝 トラック,27901p03/P02,確定,250-300mトラックとみる＋テニスコート南東
S-35,テニスコート,外構,-,グラウンド南東（現公民館敷地）,27901,p03,確定,
S-36,プール（既存存置）,棟,-,北端 既存,27901,p03/p04,確定,弓道場南
S-37,弓道場,棟,-,138.81m2 100.03m2?,27901,p02/p03,確定,
S-38,駐輪場,外構,-,計1510台（264+326+376+156+388）,27901,p03,確定,
S-39,駐車場,外構,-,100台（65+32+3）+バス4台（2+2）,27901,p03,確定,
S-40,渡り廊下 4F,棟,4F,ラーニングストリート上空 2箇所,27901,p06/p01イメージ,確定,4F手摺イメージp01右側に写る
S-41,バルコニー,外装,各階,南面 連続バルコニー,27901,立面p08,確定,手摺は縦格子
S-42,膜屋根トラス,屋根,RF,アーチトラス S造,27901,断面p09/R階p07,確定,詳細寸未確定
S-43,竪川,地物,-,敷地南側 水路,27901,p03/P02,確定,幅は地図より推定5-8m
S-44,SKIPシティ,隣地,-,敷地北東隣,27901,p03,確定,方位参照のみ
PL-01,PLATEAU LOD1 周辺建物,周辺,-,3070棟 h -9999含む 5m級,plateau_53395597.json,JSON,推定,半径300mのみLOD1遠景に使用 校舎自体は図面優先
GS-01,GSI空中写真タイル,地形,-,z18 256px 1px≒0.6m,GSI,画像,確定,手持ち2枚は北に1タイルずれているため追加取得要（232812/103096・232813/103096）
