id,category,area,item,source,source_detail,value,unit,accuracy,confirmed_on,notes
GEN-001,一般,全体,所在地(第1校地),複数,"JIA/学校公式/埼玉県タウンガイド/コトブキ 全て一致",川口市上青木3-1-40 〒333-0844,-,確定,2026-09-26,ユーザーの修正案を一次情報で裏取り済み
GEN-002,一般,全体,所在地(第2校地),複数,"広報かわぐち2015.9 PDF / 学校公式 学校施設",川口市朝日5-9-18,-,確定,2026-09-26,旧・市立川口高校校地
GEN-003,一般,全体,学校構成,複数,"Wikipedia/学校公式",市立3校(川口総合・川口・県陽)を統合し2018年4月開校。附属中学校併設,-,確定,2026-09-26,
SCH-001,沿革,校舎棟,施工期間,JIA,"jia-award 2443",2015.10〜2017.12(竣工2017.12・開校2018.4),-,確定,2026-09-26,
SCH-002,沿革,アリーナ棟他,施工期間,JIA,"jia-award 2443",2019.1〜2021.8(大ホール納入は2019.10),-,確定,2026-09-26,
SCH-003,沿革,グラウンド,整備完了,広報2015.9,"47267235.pdf スケジュール表",2021.8頃(平成33年度完成),-,推定,2026-09-26,計画時点の予定値。竣工確認は写真日付(2021/09)でほぼ裏付け
GEO-001,測地,全体,座標系,法的基準,"国土地理院",JGD2011 平面直角座標系 第IX系 (EPSG:6677 / 原点36°N 139°50′E / m0=0.9999),-,確定,2026-09-26,埼玉県の法定系
GEO-002,測地,第1校地,プロジェクト原点(緯度経度),OSM,"Nominatim way 127212336 centroid 2026-09-26取得",35.8261337N / 139.7191328E,deg,仮置き,2026-09-26,Phase 1で基盤地図・PLATEAUと照合し確定
GEO-003,測地,第1校地,プロジェクト原点(IX系平面座標),算出,"tools/latlon2xy.py 実行",X=-19263.415 / Y=-10318.279,m,仮置き,2026-09-26,Blender原点=(0,0,0)に対応。+Y=北(X増加方向)・+X=東(Y増加方向)
GEO-004,測地,第1校地,敷地概形(OSM bbox),OSM,"Nominatim boundingbox",南北276.8×東西295.5,m,仮置き,2026-09-26,JIA公表キャンパスロード300mと整合する桁
SITE-001,面積,全体,敷地面積,JIA,"jia-award 2443 DATA",49535.91,㎡,確定,2026-09-26,
SITE-002,面積,全体,建築面積(竣工値),JIA,"jia-award 2443 DATA",13283.19,㎡,確定,2026-09-26,
SITE-003,面積,全体,建築面積(計画値2015),広報かわぐち2015.9,"47267235.pdf 施設概要",13562,㎡,確定(計画値),2026-09-26,※竣工値と約279㎡差。混用禁止・比較管理用
SITE-004,面積,全体,建ぺい率/容積率,JIA,"jia-award 2443",27.37%(許容70)/61.41%(許容200),%,確定,2026-09-26,
BLD-001,面積,全体,延床面積(竣工値),JIA,"jia-award 2443",31358.95,㎡,確定,2026-09-26,
BLD-002,面積,全体,延床面積(計画値2015),広報かわぐち2015.9,"施設概要",31632,㎡,確定(計画値),2026-09-26,
BLD-003,面積,校舎棟,延床面積,久米設計,"project/0276.html",21041,㎡,確定,2026-09-26,全体31358.95のうち
BLD-004,面積,アリーナ棟・外構建屋,延床面積(差分),算出,"BLD-001 - BLD-003",10317.95,㎡,算出,2026-09-26,アリーナN/S・プール施設・弓道場等の合計と推測。内訳未確定
BLD-005,構造,全体,構造,複数,"JIA/久米",RC造 一部S造,-,確定,2026-09-26,受賞に「プレストレストコンクリート工学会賞」→PC部材使用の示唆
BLD-006,構造,全体,階数,複数,"JIA/久米",地下1階・地上5階,層,確定,2026-09-26,
BLD-007,高さ,全体(校舎棟系),最高高さ,JIA,"jia-award 2443 DATA",21.8,m,確定,2026-09-26,どの棟の値か明記なし→最大ボリューム(校舎棟)と読むのが自然だが未確定
BLD-008,高さ,全体(校舎棟系),軒高,JIA,"jia-award 2443 DATA",18.4,m,確定,2026-09-26,
BLD-009,高さ,校舎棟,階高,逆算,"軒高18.4m / 5層",3.68,m,推定,2026-09-26,【推定】断面図(A1 PDF or 近代建築2019.7)で裏取り必須。膜屋根部の軒の取り方で変動しうる
ZONE-001,ゾーニング,第1校地,キャンパスロード,JIA,"作品説明文",敷地東西を横断・全長300m,m,確定,2026-09-26,配置計画の基軸。グラフィカルな床デザイン
ZONE-002,ゾーニング,校舎棟,ラーニングストリート,複数,"久米設計/広報2015.9/コトブキ",校舎棟を貫く半屋外。南=普通教室エリア・北=特別教室エリアの間。2〜最上階(5F)吹抜け+膜屋根,-,確定,2026-09-26,内部モデリングの最優先空間
ZONE-003,ゾーニング,アリーナ棟,棟構成,複数,"広報2015.9/JIA写真",南北2棟(N棟・S棟)。大中小3アリーナ+柔道場+剣道場+合宿所,-,確定,2026-09-26,内訳の割振りは未確定
ZONE-004,ゾーニング,アリーナN棟,柔道場,JIA,"写真キャプション「アリーナN棟の柔道場」",キャンパスロードに大きく開口,-,確定,2026-09-26,
ZONE-005,ゾーニング,第1校地外構,存在施設,複数,"広報2015.9配置イメージ/学校施設ページ",第1グラウンド(人工芝)・テニスコート・プール・弓道場,-,確定,2026-09-26,位置の定量はPhase 2でPDF/OSMから
ZONE-006,ゾーニング,アリーナ棟前,舗装・植栽,JIA,"写真キャプション",ゴムチップ舗装(運動可能)+カツラ並木,-,確定,2026-09-26,
ZONE-007,ゾーニング,第2校地,施設構成,学校施設ページ,"/about/facility",体育館(旧川口高校を耐震補強)・野球場・グラウンド・テニスコート,-,確定,2026-09-26,
INT-001,内部,校舎棟1F,大ホール,コトブキシーティング,"納入事例 本文・居室データ",約500席(学年集会想定)・スマートタイプイス・背テーブル付・3色(黒/Sグレー/Dグレー)ランダム,席,確定(席数「約」),2026-09-26,写真10枚あり。Phase 4 fSpy/再現に使用
INT-002,内部,アリーナ棟,大アリーナ,広報2015.9,"施設計画",バスケットコート3面分・観客席480席,-,確定(計画値),2026-09-26,竣工後の増減は未確認
ENV-001,周辺,北東側,SKIPシティ,複数,"広報イメージ図/立地常識",大規模施設が隣接,-,確定,2026-09-26,PLATEAU LOD2でボリューム再現予定
ENV-002,周辺,近接,竪川(たてかわ),広報2015.9,"配置イメージ図に表記",河川が近接,-,推定,2026-09-26,方位はPhase 1で地図照合
ENV-003,周辺,交通,最寄駅,埼玉県タウンガイド,"school.html",埼玉高速鉄道 鳩ヶ谷駅,-,確定,2026-09-26,ウォークスルー範囲外だが周辺ランドマーク
MAT-001,素材,校舎棟外装・内装,使用素材方針,久米設計,"project文",市産品の鋳物・植木、県産ヒノキを各所に使用,-,確定,2026-09-26,Phase 5マテリアルの方向性
REF-001,参照写真,全体,学校公式竣工写真31枚,学校施設ページ,"校舎15/アリーナ11/グラウンド3/第2校地2",全てBlue Hours撮影,-,確定,2026-09-26,fSpy候補。転載不可・参照のみ
REF-002,参照資料,全体,掲載誌5誌,JIA,"掲載雑誌欄",近代建築2019.7/ランドスケープデザインNo.125(2019.4)&No.148(2023.2)/School Amenity2018.7/文教施設2019夏,-,確定,2026-09-26,近代建築2019.7が図面掲載最有力
REF-003,参照資料,全体,設計公表PDF 2点,川口市(現行サイト削除済),"Wayback 9キャプチャ生存確認(2016-03〜2025-11)",基本設計2014.6/実施設計2015.9,-,確定,2026-09-26,sources_index.md A1/A2のid_リンクでDL可
LEG-001,運用,全体,個人情報・撮影ポリシー,ユーザー方針,"本プロジェクト要件",生徒・教員名不記載/敷地内撮影は許可前提/写真は個人参照のみ,—,確定,2026-09-26,
SCOP-001,スコープ,第2校地,モデル化対象に含める,ユーザー決定,"ask_user回答 2026-09-26",体育館・野球場・グラウンド・テニスコートも第1校地と同等LOD方針,-,確定,2026-09-26,作業順序は第1校地優先。周辺取得範囲はPhase 1で提案
MAT-002,素材,全体,ユーザー提供写真,ユーザー回答,"ask_user回答 2026-09-26",現時点0枚(現地訪問機会は限定的),-,確定,2026-09-26,Phase 3は公開写真中心。撮影機会時のチェックリストをPhase 3冒頭で提示
LEG-002,運用,全体,成果物の受け渡し方式,ユーザー回答,"ask_user回答 2026-09-26",.blend生成希望。当方環境にBlender実行系が無いためbpyスクリプト+自動保存で対応,-,確定,2026-09-26,phase0_project_setup.py の SAVE_AS_BLEND 参照
BLD-010,高さ,校舎棟,階高,"実施設計断面図","27901siryou.pdf 断面図 寸法系列",1F=4.0 / 2〜5F=3.6 (4000+3600×4=18400),m,確定,2026-09-27,旧推定3.68mは破棄。膜屋根・断面にラーニングストリート吹抜あり
BLD-011,高さ,校舎棟,軒高/建築物高さ(精値),"実施設計断面図","27901siryou.pdf",18,486 / 21,886,mm,確定,2026-09-27,JIA公表18.4/21.8の精値版。設計値(実施設計)
BLD-012,高さ,アリーナN棟,建築物高さ/軒高,"実施設計断面図","27901siryou.pdf アリーナ棟断面図",12,754 / 12,469 (数値読取),mm,推定,2026-09-27,OCR由来の読取。要 図版DL後に目視照合
BLD-013,高さ,アリーナS棟(大アリーナ),建築物高さ/軒高,"実施設計断面図","同上",19,871 / 19,636 (数値読取),mm,推定,2026-09-27,同上。断面にRF/PHF/4F/3F/2F/1F表記
BLD-014,寸法,校舎棟,通心グリッド,"実施設計平面図","27901siryou.pdf 寸法列",7800mmピッチ。系列長101,400(13スパン)/109,200(14スパン)。端部5850/3900半スパン,mm,確定,2026-09-27,寸法数字はOCR由来→図版で目視照合推奨
BLD-015,寸法,アリーナ棟,通心グリッド,"実施設計平面図","同上",5000×11+7000×2=69,000mm系 / 総長88,000mm系 / 4200ピッチ系(79,600),mm,推定,2026-09-27,同上
BLD-016,諸元,全体,収容/駐車,"実施設計計画概要","27901siryou.pdf",車100台(うち車椅子3)。バス4台。自転車1,510台,台,確定,2026-09-27,
BLD-017,諸元,全体,用途地域/計画率,"実施設計","同上",第2種住居地域。建ぺい70%(角地+10)。容積200%。計画建蔽27.38%・計画容積61.42%,-,確定,2026-09-27,JIA竣工値27.37/61.41と微差→計画時値
BLD-018,面積,校舎棟B1,延床,"実施設計面積表","同上",110.69,㎡,確定,2026-09-27,用途不明(U-14: 機械室等か)。校舎棟合計21,041.03と整合
BLD-019,面積,棟別階別,延床面積表(実施設計),"実施設計面積表","同上","校舎:B1 110.69/1F 5,170.10/2F 4,596.70/3F 3,785.38/4F 3,689.60/5F 3,688.56=21,041.03。S棟:1F 3,971.00/2F 1,585.64/3F 934.47/4F 562.31/5F 33.01=7,086.43。N棟:1F 1,189.09/2F 1,198.47=2,387.56。その他:プール272.73/弓道場100.03/駐輪場608.33/中央広場135.57",㎡,確定,2026-09-27,校舎棟21,041.03は久米公表21,041と一致→竣工に反映された設計
GEO-005,測地,第2校地,ポリゴン+体育館,OSM,"way 601835163 / gym 938140491 (tools/site_geometry.py)",centroid 35.8077089,139.7488613(仮置き),deg,仮置き,2026-09-27,第1校地から約3.43km東南東。両校地3次メッシュ533975内
SCH-004,沿革,第2校地,整備完了,2027学校案内PDF,"ファイル17442 (2026.7発行)",令和4年3月に野球場等各施設の新設・改修完了,-,確定,2026-09-27,部活動中心に使用中
INT-003,内部,校舎棟1F,室構成(抜粋),"実施設計平面図","27901siryou.pdf 1F",エントランスホール/大ホール+ステージ/厨房/保健室(全日制・定時制)/校務員/事務室/校長/応接/サーバ/放送/進路指導/生徒会室/相談/選択教室+準備/全日制生徒ENT/定時制生徒ENT/来客・職員ENT,-,確定,2026-09-27,室名はOCR由来。図版で照合要
INT-004,内部,校舎棟5F,芸術系特別教室,"実施設計平面図","同上 5F",書道-1/書道-2/美術-1/美術-2/陶芸室/芸術ロビー/音楽-1/音楽-2/器具庫/教員室,-,確定,2026-09-27,同上
INT-005,内部,校舎棟4F,渡り廊下,"実施設計イメージ図","27901siryou.pdf イメージ図2キャプション","「4階の渡り廊下より、ラーニングストリートを望む」",-,確定,2026-09-27,
INT-006,内部,校舎棟,断面図の室ラベル,"実施設計断面図","27901siryou.pdf 断面",ラーニングコモンズ/カフェテリア/大ホール/美術室1/化学実験室/全日制職員室/選択教室/廊下/便所/雑用水槽,-,確定,2026-09-27,各室が何階層に現れるかOCRだけでは不明→U-11継続
ZONE-008,ゾーニング,アリーナS棟,内部構成,学校公式,"/about/facility/arena",大アリーナ(バスケ3面・観覧席)+部室+ミーティングルーム+宿泊研修室+体育教員室,-,確定,2026-09-27,U-12解決
ZONE-009,ゾーニング,アリーナN棟,内部構成,学校公式,"同上","1F:柔道場・剣道場。2F:中アリーナ・小アリーナ・トレーニングルーム。弓道場・屋外50mプールは別棟扱い",-,確定,2026-09-27,実施設計1F平面とも整合(器具庫/倉庫/更衣/管理/エントランス)
ZONE-010,ゾーニング,中央広場,半屋外広場,"実施設計面積表+実施設計本文","27901siryou/270901jissi",床135.57㎡(建築面積922.77 屋根がけ大)。キャンパスロード起点,-,確定,2026-09-27,西=フィジカルストリート/東=ラーニングストリートに接続
EXT-006,外構,第1校地,プール,学校公式,"/about/facility/arena",屋外50mプール(実施設計面積表: プール棟 延272.73/建279.23),-,確定,2026-09-27,2027案内では「50mプール」表記あり
EXT-007,外構,第1校地,テニスコート,2027学校案内,"施設魅力⑥",4面,-,確定,2026-09-27,現上青木公民館跡地(南東)に配置(実施設計配置図ラベル)
EXT-008,外構,第1校地,トラック,2027学校案内,"同上",400mトラック(第1グラウンド),-,確定,2026-09-27,
EXT-009,外構,第1校地,門3基,2027学校案内,"アクセス図",西門=伝統の門/東門=都市の門/南門。生徒ENT・来客職員ENT・自転車専用出入口・車両出入口を区分,-,確定,2026-09-27,実施設計1F平面とも整合
ENV-004,周辺,交通,アクセス手段,2027学校案内,"本文+マップ","JR西川口駅 バス8分/徒歩25分 SR鳩ケ谷駅 バス11分/徒歩20分 JR東川口駅 バス34分。バス:川18/19/20/23・西川08/09。停留所:上青木中学校・川口市立高校",-,確定,2026-09-27,
REF-004,参照資料,全体,実施設計別添資料 27901siryou.pdf ,川口市(Wayback),"20161017163448 キャプチャ application/pdf 200 (2.6MB)",各階平面図・配置図・工事工程図・南立面図・断面図を含む。テキスト層取得済,-,確定,2026-09-27,バイナリDL用: https://web.archive.org/web/20161017163448id_/http://www.city.kawaguchi.lg.jp/kbn/Files/1/72011034/attach/27901siryou.pdf
REF-005,参照資料,全体,補助資料 P02.pdf,川口市(Wayback),"20170825145501 キャプチャ application/pdf 200 (617KB)",本文未読(バイナリDL要),-,確定,2026-09-27,DL用: https://web.archive.org/web/20170825145501id_/http://www.city.kawaguchi.lg.jp/kbn/Files/1/72011034/attach/P02.pdf
REF-006,参照資料,全体,2027学校案内パンフレットPDF,学校公式,"kawaguchicity-hs.ed.jp files/download/17442 (2026.7発行)",施設詳細・門・アクセス・部活動情報。本文取得済,-,確定,2026-09-27,
REF-007,参照資料,全体,PLATEAU 索引・収録範囲,国交省(CKAN API/索引図PDF 2026-09-27私が確認),"plateau-11203-kawaguchi-shi-2024 全市域bbox (139.675-139.788, 35.780-35.887)","LOD1=行政界全域(61.95km2)→533975含まれる。LOD2=川口市指定5施設(0.16km2)のみ。GeoTIFF=2021.1撮影40cm",-,確定,2026-09-27,以降: 校舎外形=PLATEAU LOD1ボリューム+高さ、屋根・外観は実施設計図+写真が本線(LOD2は5施設限定)
WEB-001,運用,全体,公開形態,ユーザー決定,"2026-09-27 の指定","Vercel でサイト公開（Blender→glTF/GLB→Next.js+three.js→Vercel, Root=web/）",-,確定,2026-09-27,docs/web_delivery_plan.md。/credits で法的表示。Phase 6 はWeb置き換え（Godot/Unreal不要）
